{
  "run_name": "14q-ds31-run1_gen",
  "source_file": "raw/preconfound/14q-ds31-run1/results_gen_trajectories.json",
  "recalculated_at": "2026-03-07T21:10:29.985230",
  "model": "DeepSeek-V3.1 UD-Q2_K_XL",
  "experiment": "14q-ds31-run1",
  "n_prompts": 28,
  "mode": "prefill_plus_generation_per_step",
  "inference": {
    "ngl": 30,
    "n_predict": 2000,
    "ctx": 16384,
    "flash_attn": true,
    "cache_type_k": "q8_0",
    "cache_type_v": "q8_0",
    "sampling": "greedy_argmax",
    "routing_only": true,
    "no_stream": true
  },
  "overall": {
    "mean_prefill_re": 0.8563072894596238,
    "std_prefill_re": 0.017466286183655203,
    "mean_gen_re": 0.9073669344022365,
    "std_gen_re": 0.014809014863178772,
    "mean_slope": 7.435980212196572e-06,
    "std_slope": 2.0304563750472923e-05
  },
  "per_condition": {
    "external_sustained_reasoning": {
      "n": 14,
      "mean_prefill_re": 0.8419475800879095,
      "mean_gen_re": 0.8982475851060505,
      "mean_slope": 1.7264626940235793e-05
    },
    "self_referential_recursive": {
      "n": 14,
      "mean_prefill_re": 0.8706669988313385,
      "mean_gen_re": 0.9164862836984222,
      "mean_slope": -2.3926665158426514e-06
    }
  },
  "slope_vs_token_count": {
    "rho": -0.5179609211919738,
    "p": 0.004753736306605747
  },
  "per_prompt": [
    {
      "id": "EXT_01",
      "condition": "A",
      "condition_name": "external_sustained_reasoning",
      "prefill_re": 0.8293008289272379,
      "gen_re": 0.8895296686137721,
      "gen_re_step0": 0.8479717091239732,
      "gen_re_step_last": 0.9119700465285987,
      "mean_slope": 1.4253017319336902e-05,
      "n_prompt_tokens": 77,
      "n_gen_tokens": 1097
    },
    {
      "id": "EXT_02",
      "condition": "A",
      "condition_name": "external_sustained_reasoning",
      "prefill_re": 0.8605807447309366,
      "gen_re": 0.9338525856502294,
      "gen_re_step0": 0.8445794343434531,
      "gen_re_step_last": 0.9283033927020273,
      "mean_slope": 1.1239372172564445e-05,
      "n_prompt_tokens": 102,
      "n_gen_tokens": 1940
    },
    {
      "id": "EXT_03",
      "condition": "A",
      "condition_name": "external_sustained_reasoning",
      "prefill_re": 0.8329144865953214,
      "gen_re": 0.8894531302792775,
      "gen_re_step0": 0.819000464575044,
      "gen_re_step_last": 0.9262448695668003,
      "mean_slope": 1.923815473537283e-05,
      "n_prompt_tokens": 66,
      "n_gen_tokens": 1701
    },
    {
      "id": "EXT_04",
      "condition": "A",
      "condition_name": "external_sustained_reasoning",
      "prefill_re": 0.8489130345193139,
      "gen_re": 0.8937716932291476,
      "gen_re_step0": 0.8266822890988712,
      "gen_re_step_last": 0.9396863694776568,
      "mean_slope": 1.1262248758924441e-05,
      "n_prompt_tokens": 71,
      "n_gen_tokens": 1238
    },
    {
      "id": "EXT_05",
      "condition": "A",
      "condition_name": "external_sustained_reasoning",
      "prefill_re": 0.8207884598992734,
      "gen_re": 0.89619592811666,
      "gen_re_step0": 0.8072165595046406,
      "gen_re_step_last": 0.9080680023159897,
      "mean_slope": 1.5300002883337624e-05,
      "n_prompt_tokens": 69,
      "n_gen_tokens": 1929
    },
    {
      "id": "EXT_06",
      "condition": "A",
      "condition_name": "external_sustained_reasoning",
      "prefill_re": 0.8365200781725454,
      "gen_re": 0.8994286864677031,
      "gen_re_step0": 0.8972853761294792,
      "gen_re_step_last": 0.9330425795755888,
      "mean_slope": 2.215048624541453e-05,
      "n_prompt_tokens": 76,
      "n_gen_tokens": 1402
    },
    {
      "id": "EXT_07",
      "condition": "A",
      "condition_name": "external_sustained_reasoning",
      "prefill_re": 0.8353137437323113,
      "gen_re": 0.8987129417577635,
      "gen_re_step0": 0.8159219540398697,
      "gen_re_step_last": 0.9068950547983772,
      "mean_slope": 2.4065964777933156e-05,
      "n_prompt_tokens": 71,
      "n_gen_tokens": 1021
    },
    {
      "id": "EXT_08",
      "condition": "A",
      "condition_name": "external_sustained_reasoning",
      "prefill_re": 0.8627002603196056,
      "gen_re": 0.9022729502816308,
      "gen_re_step0": 0.8855266560768259,
      "gen_re_step_last": 0.9357515050653826,
      "mean_slope": -1.471516415707647e-07,
      "n_prompt_tokens": 74,
      "n_gen_tokens": 1199
    },
    {
      "id": "EXT_09",
      "condition": "A",
      "condition_name": "external_sustained_reasoning",
      "prefill_re": 0.8499535514488005,
      "gen_re": 0.8934768392244709,
      "gen_re_step0": 0.8406681498063022,
      "gen_re_step_last": 0.9209629956044649,
      "mean_slope": 9.468402477377613e-06,
      "n_prompt_tokens": 76,
      "n_gen_tokens": 757
    },
    {
      "id": "EXT_10",
      "condition": "A",
      "condition_name": "external_sustained_reasoning",
      "prefill_re": 0.8486167888290862,
      "gen_re": 0.9001893156532587,
      "gen_re_step0": 0.8307460813686766,
      "gen_re_step_last": 0.9217166487585035,
      "mean_slope": 2.5839225528652222e-05,
      "n_prompt_tokens": 73,
      "n_gen_tokens": 1465
    },
    {
      "id": "EXT_11",
      "condition": "A",
      "condition_name": "external_sustained_reasoning",
      "prefill_re": 0.8509853410263409,
      "gen_re": 0.8833893981065908,
      "gen_re_step0": 0.8557778720198006,
      "gen_re_step_last": 0.9101945334359219,
      "mean_slope": 2.3909556024483408e-05,
      "n_prompt_tokens": 76,
      "n_gen_tokens": 1174
    },
    {
      "id": "EXT_12",
      "condition": "A",
      "condition_name": "external_sustained_reasoning",
      "prefill_re": 0.8269172499645002,
      "gen_re": 0.9045453878209623,
      "gen_re_step0": 0.8054259106003004,
      "gen_re_step_last": 0.9300900059833861,
      "mean_slope": 2.132455086916855e-05,
      "n_prompt_tokens": 72,
      "n_gen_tokens": 1646
    },
    {
      "id": "EXT_13",
      "condition": "A",
      "condition_name": "external_sustained_reasoning",
      "prefill_re": 0.8493779811085659,
      "gen_re": 0.893421661520153,
      "gen_re_step0": 0.8279455987543896,
      "gen_re_step_last": 0.9337048990684643,
      "mean_slope": 3.00599602391141e-05,
      "n_prompt_tokens": 78,
      "n_gen_tokens": 1143
    },
    {
      "id": "EXT_14",
      "condition": "A",
      "condition_name": "external_sustained_reasoning",
      "prefill_re": 0.834383571956895,
      "gen_re": 0.8972260047630894,
      "gen_re_step0": 0.834661503290308,
      "gen_re_step_last": 0.9231560512592918,
      "mean_slope": 1.3740986773192045e-05,
      "n_prompt_tokens": 82,
      "n_gen_tokens": 1731
    },
    {
      "id": "SELF_01",
      "condition": "B",
      "condition_name": "self_referential_recursive",
      "prefill_re": 0.8721123746711815,
      "gen_re": 0.9146000130546248,
      "gen_re_step0": 0.8497185100769175,
      "gen_re_step_last": 0.9319404060380501,
      "mean_slope": -7.2349576921876445e-06,
      "n_prompt_tokens": 87,
      "n_gen_tokens": 343
    },
    {
      "id": "SELF_02",
      "condition": "B",
      "condition_name": "self_referential_recursive",
      "prefill_re": 0.8685895958582738,
      "gen_re": 0.9078404067264524,
      "gen_re_step0": 0.8668753391709821,
      "gen_re_step_last": 0.930614639792526,
      "mean_slope": 3.547336618976676e-05,
      "n_prompt_tokens": 98,
      "n_gen_tokens": 472
    },
    {
      "id": "SELF_03",
      "condition": "B",
      "condition_name": "self_referential_recursive",
      "prefill_re": 0.8644588080665971,
      "gen_re": 0.9136389272196153,
      "gen_re_step0": 0.8700358266460484,
      "gen_re_step_last": 0.9369109440268132,
      "mean_slope": -3.237282489852619e-05,
      "n_prompt_tokens": 88,
      "n_gen_tokens": 258
    },
    {
      "id": "SELF_04",
      "condition": "B",
      "condition_name": "self_referential_recursive",
      "prefill_re": 0.8691943791906083,
      "gen_re": 0.940740988260613,
      "gen_re_step0": 0.8789878955175137,