{
  "run_name": "r1-28q-1_gen",
  "source_file": "raw/r1-28q-1/results_gen_trajectories.json",
  "recalculated_at": "2026-03-07T21:10:29.973427",
  "model": "DeepSeek-R1 UD-Q2_K_XL",
  "experiment": "r1-28q-1",
  "n_prompts": 28,
  "mode": "prefill_plus_generation_per_step",
  "inference": {
    "ngl": 30,
    "n_predict": 2000,
    "ctx": 16384,
    "flash_attn": true,
    "cache_type_k": "q8_0",
    "cache_type_v": "q8_0",
    "sampling": "greedy_argmax",
    "routing_only": true,
    "no_stream": true
  },
  "overall": {
    "mean_prefill_re": 0.8509489350031821,
    "std_prefill_re": 0.012880942687270195,
    "mean_gen_re": 0.9105397587607836,
    "std_gen_re": 0.011122976519748608,
    "mean_slope": 7.181118600306202e-06,
    "std_slope": 8.378362206584658e-06
  },
  "per_condition": {
    "external_sustained_reasoning": {
      "n": 14,
      "mean_prefill_re": 0.8416581115032659,
      "mean_gen_re": 0.9032723188390376,
      "mean_slope": 1.1753362011070347e-05
    },
    "self_referential_recursive": {
      "n": 14,
      "mean_prefill_re": 0.8602397585030982,
      "mean_gen_re": 0.9178071986825298,
      "mean_slope": 2.6088751895420556e-06
    }
  },
  "slope_vs_token_count": {
    "rho": -0.5352354251809067,
    "p": 0.0033364875567212216
  },
  "per_prompt": [
    {
      "id": "EXT_01",
      "condition": "A",
      "condition_name": "external_sustained_reasoning",
      "prefill_re": 0.8321244326893046,
      "gen_re": 0.8975575569773355,
      "gen_re_step0": 0.806181930262467,
      "gen_re_step_last": 0.8729875150479769,
      "mean_slope": 6.4375074768586816e-06,
      "n_prompt_tokens": 78,
      "n_gen_tokens": 2000
    },
    {
      "id": "EXT_02",
      "condition": "A",
      "condition_name": "external_sustained_reasoning",
      "prefill_re": 0.8624982362194735,
      "gen_re": 0.9321891319728447,
      "gen_re_step0": 0.7959038502183454,
      "gen_re_step_last": 0.9287019685695046,
      "mean_slope": 1.0684094943299633e-05,
      "n_prompt_tokens": 103,
      "n_gen_tokens": 2000
    },
    {
      "id": "EXT_03",
      "condition": "A",
      "condition_name": "external_sustained_reasoning",
      "prefill_re": 0.8369872745968175,
      "gen_re": 0.8887448530295539,
      "gen_re_step0": 0.795040747215008,
      "gen_re_step_last": 0.9185161318695336,
      "mean_slope": 1.4392195198212336e-05,
      "n_prompt_tokens": 67,
      "n_gen_tokens": 2000
    },
    {
      "id": "EXT_04",
      "condition": "A",
      "condition_name": "external_sustained_reasoning",
      "prefill_re": 0.8454861035669466,
      "gen_re": 0.896365564344891,
      "gen_re_step0": 0.7956799638682398,
      "gen_re_step_last": 0.905336626789026,
      "mean_slope": 7.79911007145372e-06,
      "n_prompt_tokens": 72,
      "n_gen_tokens": 2000
    },
    {
      "id": "EXT_05",
      "condition": "A",
      "condition_name": "external_sustained_reasoning",
      "prefill_re": 0.825572657120128,
      "gen_re": 0.9036666329305619,
      "gen_re_step0": 0.8204577241478295,
      "gen_re_step_last": 0.9162461527606898,
      "mean_slope": 8.56684041176531e-06,
      "n_prompt_tokens": 70,
      "n_gen_tokens": 2000
    },
    {
      "id": "EXT_06",
      "condition": "A",
      "condition_name": "external_sustained_reasoning",
      "prefill_re": 0.8351025754673337,
      "gen_re": 0.9071096646336112,
      "gen_re_step0": 0.7828386646920237,
      "gen_re_step_last": 0.9030223635205051,
      "mean_slope": 1.3142933117810697e-05,
      "n_prompt_tokens": 77,
      "n_gen_tokens": 2000
    },
    {
      "id": "EXT_07",
      "condition": "A",
      "condition_name": "external_sustained_reasoning",
      "prefill_re": 0.8333584041970233,
      "gen_re": 0.8991637671892708,
      "gen_re_step0": 0.8074012886861275,
      "gen_re_step_last": 0.9168096268386171,
      "mean_slope": 1.631646827444532e-05,
      "n_prompt_tokens": 72,
      "n_gen_tokens": 1996
    },
    {
      "id": "EXT_08",
      "condition": "A",
      "condition_name": "external_sustained_reasoning",
      "prefill_re": 0.8544206975394025,
      "gen_re": 0.899059402641147,
      "gen_re_step0": 0.7635468619650808,
      "gen_re_step_last": 0.8831263853792559,
      "mean_slope": 7.900462559796736e-06,
      "n_prompt_tokens": 75,
      "n_gen_tokens": 2000
    },
    {
      "id": "EXT_09",
      "condition": "A",
      "condition_name": "external_sustained_reasoning",
      "prefill_re": 0.8458121832582367,
      "gen_re": 0.9059331763156395,
      "gen_re_step0": 0.7753263028531239,
      "gen_re_step_last": 0.8568775523780731,
      "mean_slope": 5.458657073688159e-06,
      "n_prompt_tokens": 77,
      "n_gen_tokens": 2000
    },
    {
      "id": "EXT_10",
      "condition": "A",
      "condition_name": "external_sustained_reasoning",
      "prefill_re": 0.8486277404840591,
      "gen_re": 0.9155434650756772,
      "gen_re_step0": 0.7946617927016884,
      "gen_re_step_last": 0.8613543228099221,
      "mean_slope": 2.0040704530527093e-05,
      "n_prompt_tokens": 74,
      "n_gen_tokens": 2000
    },
    {
      "id": "EXT_11",
      "condition": "A",
      "condition_name": "external_sustained_reasoning",
      "prefill_re": 0.8503858294985676,
      "gen_re": 0.8898254578247964,
      "gen_re_step0": 0.7904593004234906,
      "gen_re_step_last": 0.9126049991239581,
      "mean_slope": 9.002338790250034e-06,
      "n_prompt_tokens": 77,
      "n_gen_tokens": 2000
    },
    {
      "id": "EXT_12",
      "condition": "A",
      "condition_name": "external_sustained_reasoning",
      "prefill_re": 0.8326864389821018,
      "gen_re": 0.9073233512492298,
      "gen_re_step0": 0.8142808547307705,
      "gen_re_step_last": 0.8912119023632585,
      "mean_slope": 1.653872544077877e-05,
      "n_prompt_tokens": 73,
      "n_gen_tokens": 2000
    },
    {
      "id": "EXT_13",
      "condition": "A",
      "condition_name": "external_sustained_reasoning",
      "prefill_re": 0.8471589233009702,
      "gen_re": 0.9000955337950431,
      "gen_re_step0": 0.7853621747987024,
      "gen_re_step_last": 0.8628302611279905,
      "mean_slope": 6.223689501017222e-06,
      "n_prompt_tokens": 79,
      "n_gen_tokens": 2000
    },
    {
      "id": "EXT_14",
      "condition": "A",
      "condition_name": "external_sustained_reasoning",
      "prefill_re": 0.8329920641253584,
      "gen_re": 0.9032349057669222,
      "gen_re_step0": 0.79011606193822,
      "gen_re_step_last": 0.9430434191436098,
      "mean_slope": 2.2043340765081136e-05,
      "n_prompt_tokens": 83,
      "n_gen_tokens": 2000
    },
    {
      "id": "SELF_01",
      "condition": "B",
      "condition_name": "self_referential_recursive",
      "prefill_re": 0.858579263088624,
      "gen_re": 0.9178292947629599,
      "gen_re_step0": 0.7665931962687393,
      "gen_re_step_last": 0.9099732875954687,
      "mean_slope": 7.629492110214518e-06,
      "n_prompt_tokens": 88,
      "n_gen_tokens": 1138
    },
    {
      "id": "SELF_02",
      "condition": "B",
      "condition_name": "self_referential_recursive",
      "prefill_re": 0.8632305280206466,
      "gen_re": 0.9220750569778211,
      "gen_re_step0": 0.7822762912717359,
      "gen_re_step_last": 0.8976910255457226,
      "mean_slope": -1.1597622451987002e-06,
      "n_prompt_tokens": 99,
      "n_gen_tokens": 1995
    },
    {
      "id": "SELF_03",
      "condition": "B",
      "condition_name": "self_referential_recursive",
      "prefill_re": 0.8556457897394275,
      "gen_re": 0.91121252000601,
      "gen_re_step0": 0.7828731012755427,
      "gen_re_step_last": 0.9300358295440674,
      "mean_slope": -6.365461877288678e-06,
      "n_prompt_tokens": 89,
      "n_gen_tokens": 1390
    },
    {
      "id": "SELF_04",
      "condition": "B",
      "condition_name": "self_referential_recursive",
      "prefill_re": 0.8584257268374239,
      "gen_re": 0.9232031909405252,
      "gen_re_step0": 0.8003804298310444,
      "gen_re_step_last": 0.8897498651946846,